id,pass
a266a2a9df,True
34e51dba6a,True
782ae9b7e7,True
aa94cfb806,True
50d3073821,True
b5e1371b3b,True
b45ad3932e,True
d4d34af4f7,True
302ea1ac81,True
40dcff68b3,True
7845115d01,True
3da729cae9,True
b3396387a6,True
d27831fef2,True
7faea04242,True
b9614348f4,True
4696bb53e6,True
02117a400e,True
1ee0d5b4d0,True
2bc8a3db3c,True
35fd991255,True
68a2df3195,True
36aa21019e,True
c4f2799234,True
06289f69f8,True
9f0ebbd210,True
dd5a90cf89,True
1263576548,True
58777a8c79,True
13209940d7,True
d0319f0ec5,True
127ef4105f,True
42758bb41a,True
3281bb7282,True
e2421eee13,True
992572448c,True
7deaf30c4a,True
b183b2ddc4,True
9f3b8d0186,True
3ed6d1c7df,True
b221ece24b,True
4b522e501e,True
7fadb8efe8,True
1d93614392,True
fd1be18f7d,True
670d9655d5,True
c72b546073,True
6a1783be17,True
b4f6d6f1aa,True
b525824dfc,True
9ca84742ef,True
d26e890704,True
47aba1e35c,True
535503063e,True
8320911258,True
ab18a0a7fa,True
a076699b79,True
f45dbe6541,True
3de0c773e1,True
340fe814a3,True
e030bdae65,True
7e9e46174c,True
e92f67b3c7,True
b506085af9,True
cddb50fb4b,True
54dd074cd7,True
9dcb043fa9,True
2f5377ea9d,True
3634f29aac,True
7d8b219e1c,True
057eae4f34,True
1c02222ef8,True
132e30cffd,True
dca83468d2,True
36e68393b6,True
53dab98a36,True
045c5516a2,True
0429d9759b,True
d8b2dc2e8a,True
8d141a0b7a,True
fd0d237b01,True
86c1109730,True
baa743f4b4,True
ac412e6d55,True
483b35d589,True
4b2af55ae6,True
40d96e8022,True
5ef096aeac,True
83bb4578eb,True
57e0cff707,True
7504d73df8,True
0fea4b5049,True
8c477d6abf,True
216aa6275d,True
f456e3161d,True
71438f26ec,True
a7b918d80e,True
f0c401b64b,True
c613a090a4,True
d765e53b37,True
c9da9c3d42,True
dfc8a378b7,True
89dfb7ba1d,True
6b996daecc,True
b74ecdfe20,True
e2f397d206,True
e446b0b4b6,True
203f6117be,True
691dc0bc42,True
e875c9a960,True
d7cf3bf4e9,True
ee5e9e4570,True
d7398cfded,True
9d173ec22a,True
d9fb5b47e2,True
a4e8ba21d1,True
2717821409,True
5a3c38104c,True
299ba3cf34,True
82c340f4e5,True
36f9ab3ee0,True
cdc7d77e77,True
86866ba71d,True
690b1ce5f7,True
6ddd6a2ec1,True
59ceec4f7c,True
a9ee40cf0d,True
c83d9529bd,True
17d70fee5c,True
99d3fbf9f1,True
af71ca4ab3,True
ecdd648857,True
7aef9898fa,True
0eacc93ff3,True
ea3cdbd7cd,True
1bf062bda2,True
1804a4c064,True
16e308dbc3,True
e437c3912d,True
2af3c055b2,True
73a2f6fb22,True
99bf605daa,True
9ad32f3c66,True
055ec918b9,True
d45b4f3b85,True
335474f8ec,True
f7e555a0aa,True
268d39db25,True
3e1c11cfa8,True
cf706fb35a,True
e98557c9f3,True
2ae425e5a3,True
52667992f8,True
9ce55dc2c9,True
bfb0e22b53,True
8db5bf9be2,True
9790f7880b,True
fd51e63c83,True
6ea5191e2a,True
f9a3d103d7,True
ea9dfe6f60,True
0280db420c,True
2af008d773,True
8bc707feee,True
3ed6168b22,True
27870bb184,True
ba1287cb48,True
9898ce93d6,True
44e3f20074,True
613fb95edf,True
e204511fd2,True
d308ec69d3,True
2ee6e81e4b,True
86f2fd7025,True
6a6b42a6f2,True
25143d7837,True
1495558064,True
f0e99e9761,True
e86361f5d1,True
5446a64ba5,True
71ef380e21,True
358b9acfb5,True
36ad52a2e8,True
cb677fab7a,True
f87154ea7b,True
d2ea97ca4e,True
0aabdb423e,True
75fb579aa2,True
ca511bc319,True
7af84fef71,True
76e1428103,True
89097ab99b,True
a24080b4a0,True
851498c095,True
ca78405cea,True
40aaac97b1,True
9a6cf411ff,True
91b91fd79b,True
d2c800e9f5,True
a8503e0dc8,True
aeba5383e4,True
63193879b4,True
2b76b47947,True
7796858a9b,True
4b3502ca99,True
2fd6d25adb,True
044106f759,True
c701db91e2,True
caccd6708f,True
7f01757d4c,True
966fb0cdbb,True
7ede03dede,True
61b42f8f0e,True
d0cba16846,True
d30e73de0c,True
1f805e4733,True
526d63530a,True
46b7364b81,True
1af44a9db0,True
b45f9383e9,True
2fb152d905,True
ea2f1fa62f,True
c4b05c2eaa,True
3ee87f1ea6,True
76c76f8056,True
9a1fbef3e3,True
2596227117,True
49fe2ee7ba,True
89e7c93d0c,True
6b377327b1,True
33dfe8b243,True
5343d4837c,True
adf2a57778,True
bc5ee94de7,True
14152a6731,True
e2e4fcf83e,True
13483cd62a,True
12d09b9fa4,True
5fc8bb94aa,True
e0cfbbcb0c,True
f4f0fd932e,True
5395202313,True
cd5c9532e4,True
bce104494c,True
904f3fc07a,True
abcc448c24,True
7fc1ce1cb4,True
bd20d18369,True
c95d3f1510,True
23eb8cfbc0,True
8811181716,True
d0bbe4fd97,True
4d6121dae0,True
75ad49564c,True
886c96ffb8,True
99aefa9443,True
04711cb760,True
066e0ce4c3,True
1aef65e24b,True
314db606fd,True
7cc53fe88b,True
365abbdf77,True
a32a4a2256,True
deaa0ab2b8,True
6ec6e26ddd,True
35ba6f2faf,True
d1f8ba2f02,True
9447159eb7,True
fe6e74532c,True
36db23ceb8,True
2a6477aee8,True
7524d9b7bf,True
3a3281b37d,True
99b602dde4,True
3c35e3ad94,True
393f2db0b0,True
61bd2ee822,True
e560423302,True
4a7418a5e6,True
9b29ca561d,True
e23a93a95e,True
97e2c6b5c5,True
db02a30bb8,True
ff1e8ed948,True
9e64fc57aa,True
590e6bdbef,True
3cb59a4fdc,True
b329b390e4,True
c0a37fef54,True
96857148ca,True
4cfee4b097,True
b24d3673e1,True
17dd87aefa,True
114d62da56,True
7f826d312e,True
fadd6aa446,True
db1eeaebb4,True
6a0f5a8b42,True
2c45b152f1,True
fc1ca2fbc8,True
b0d8f26ad8,True
964030c032,True
e8f3e42b14,True
e8cf12563d,True
0ee8a744eb,True
6d9be2f492,True
66073ddce1,True
e7442307b1,True
b2c6b8cf57,True
f6e87c1458,True
299ef808f6,True
2c3c64402e,True
27de423ad3,True
c230cf2a94,True
3f76f25042,True
1d0c2fa004,True
df8c73e52b,True
0bdd44d530,True
296de39be2,True
b112d9993c,True
68b593f903,True
65d05b81c6,True
ee94d2281f,True
8cf3a6a6f5,True
1f6afee5ca,True
c2ca0ed857,True
80a458a2b6,True
2a71003f75,True
7ed0489985,True
c58b6277c7,True
443985b709,True
903180c447,True
1f1e11aee4,True
0937b1df3f,True
70b6a2347f,True
2fe186a2c6,True
8ce5996371,True
196cffdb4b,True
9bbb4c7c34,True
07a81dccdc,True
6bc4c91c27,True
86bc03a8a6,True
53de66df2a,True
d967181724,True
b942b38a45,True
ce14d335bf,True
572f0b1ad8,True
9a6c280d8d,True
5ebe9e404d,True
94c8aad517,True
2a484baa26,True
f115ca6981,True
7555f79a2c,True
a568cc8273,True
c387a012fc,True
5f397e0074,True
fb58510ec6,True
7d9f0dacd0,True
12e94a5a08,True
a6ec5aa914,True
268baf2d43,True
7d0cea3489,True
2578042000,True
934cd14205,True
4b873df7a2,True
d3f2336daf,True
dde0ee264b,True
dfae9e48e8,True
cd69ee839f,True
9f224c71b1,True
0bca43f7ff,True
c756ff4e1f,True
d5023a3662,True
2ce9c36a98,True
09b9330300,True
578b502c6d,True
a6f4e0f8b5,True
89af21b6ee,True
976fcded4d,True
802df9bb5e,True
8b5d38c547,True
d991b7a689,True
3792be0845,True
1bfe4907c1,True
f992390442,True
4e5d643b2f,True
a37249665e,True
db840e1e22,True
2bf5343f03,True
1ff0aa7f05,True
8367b54eac,True
95f6e2b2d1,True
725d92524a,True
09152018c4,True
7a2cca4fe5,True
8e2e3afdb5,True
e476b868ef,True
618f843c7a,True
e7c54b5f4e,True
d6379c1f18,True
1af9e4bbd8,True
590e32af63,True
212ba67b51,True
5489419bef,True
06a361fc57,True
6c95018d5c,True
b3ad13d9e9,True
89dc091930,True
3a58606814,True
49d061af38,True
6cc7ba6c56,True
645abba5ec,True
e3cded005d,True
3ced3ed63e,True
c0ef23e386,True
4e86258646,True
45b5f91d83,True
30d4fb116b,True
34bd0facd2,True
1c8f6881ac,True
999ae650f6,True
5c70da6c2d,True
be18a24c49,True
de08c5a3b7,True
dbcfdf17a3,True
458a05615e,True
c10ff1398a,True
af84304233,True
7a0c8915be,True
116bd22fd0,True
804fcfaf4b,True
321f21e02f,True
ec3130dd0b,True
98870eab9e,True
72e1a1b225,True
b6f907680a,True
543acdb5f7,True
2ff32a1188,True
23afbccfb5,True
0c6ec35477,True
ae11c7b131,True
7cf386709a,True
f3220c3590,True
27c035c5ae,True
954502fb12,True
95d3841a53,True
8a4671cb47,True
b172bd2032,True
f43f1e7456,True
d5a283c553,True
44edd661a0,True
0cc1d0e4c4,True
fb5adc8df0,True
fd998a993b,True
bb9af788f8,True
b3b37c152d,True
48db3b8c5f,True
b839f805f9,True
9494906f54,True
58de316918,True
f70f3b7b95,True
62aad7556c,True
843e8ec44e,True
d453812357,True
8db9dc4a62,True
51179a1815,True
42a3baf571,True
08173ef66c,True
a89d1999ec,True
58f752db3b,True
494daad56b,True
75eaea4cdb,True
0c02f95a08,True
8ebceef687,True
7588e9645a,True
ebff5f719e,True
83be4b6836,True
8b0d16466b,True
4541761ba4,True
d83a74a082,True
07e08eee37,True
1ee82dabee,True
6b5b7c0ff3,True
7bf203a987,True
24522ec665,True
691fec8ce2,True
78b2d05419,True
9667824566,True
69013a70ab,True
8e48de3b3b,True
62df3565cd,True
47bd268dcd,True
d58653f803,True
c2973c16f1,True
212f074587,True
96523f824a,True
b1f0e104f5,True
b9afd7b728,True
63e32c0cfb,True
c038f6fbe4,True
74d7a9df8b,True
c9a2990f76,True
e6a78e36b5,True
a8e5845bf9,True
1c37e37fbf,True
7aebdeb9a7,True
939879034e,True
ad6e3961d4,True
a41357f553,True
2af240d261,True
52914952d6,True
6153c227de,True
8270908d6a,True
14dcf18fb6,True
665e84dc42,True
5f3b26ac68,True
8c9a0ea088,True
f641699848,True
0a1742c740,True
3822f73c1c,True
5cf1f1e7f0,True
0fd38464c3,True
1267729ffd,True
70c8e14243,True
a1e32a6815,True
41a4f7424e,True
a60daba969,True
c7408f1d38,True
465486e6ec,True
236a5cc090,True
31ca053bec,True
4a5595076f,True
384d50db49,True
0c62ed4494,True
42d64f2d78,True
dab1d67df7,True
5fd2a3ef64,True
fa59461848,True
b51c130238,True
6c4568e51c,True
973a4f6dad,True
5be9925bca,True
23b7bf14c5,True
0280deb8ae,True
8adaa82868,True
e51bea30d0,True
a6c2605919,True
d9a52dc263,True
2b30313d2c,True
019afb4b4e,True
930183efe5,True
1379940546,True
cd5cd074f1,True
9bd58061d6,True
77abc5ed21,True
18ac660fbb,True
f5ffe74512,True
26808abb2d,True
9c4c524983,True
66fed16154,True
2556c23489,True
eec46ec66b,True
38232d1fe3,True
657f2c34f7,True
4a27de03fc,True
8d89d465fc,True
a4442fef48,True
351ea99ec3,True
60dccbc52f,True
6dea52e54d,True
31d35c7c1d,True
f06ef6c8b7,True
e5a6b92463,True
d1c9be7e25,True
76761b2a41,True
b937f4558c,True
642c62a158,True
b9fcc34ef3,True
fd949b5ab7,True
de7af15747,True
9bf8f84094,True
7d963e0f5d,True
dce4c70a99,True
92895cb54f,True
a2a9c0c00a,True
39cd06da7d,True
1cc428e57e,True
f429b8e6f8,True
52ac7bb4c1,True
4d58e8d8ff,True
7c0b76979f,True
b60fbb288b,True
ba6970504c,True
d4d2ed6bd2,True
5fd411e302,True
18590f686a,True
3e8b5729dc,True
185172060e,True
c38e2a42e3,True
778a92f420,True
cbe33c57c4,True
0ba541766e,True
b6e57d954e,True
7d14f8cfe3,True
a71bdf1af7,True
5d6126f459,True
be7014887d,True
e6f86c83e2,True
a9b7fa7e0d,True
ff038e87b1,True
306e6e7743,True
c20c019650,True
f503aaf699,True
4d9fa2d97f,True
cbed0283ff,True
4520536c03,True
1b2c817dd0,True
9258e48804,True
3e84576386,True
41e173a1e5,True
f75842e215,True
7b0c7e28f0,True
216e2a7492,True
2a16af2ae7,True
7469baeb8d,True
e4be64c1fb,True
069035a9b5,True
bb455284f1,True
98c6496076,True
5f45291a7a,True
a5805697c1,True
73a3712fcd,True
7f0bdb5e31,True
c23d957c59,True
46bbe12b2c,True
fde2b51fb2,True
ccc41663c6,True
1e2bad4d81,True
c4f5a0fa36,True
dd6a04d456,True
f2f0278d02,True
155bcd4b4d,True
1d798aa5d5,True
f234066134,True
e335542c17,True
d859ee2145,True
617c746fca,True
792929a4c8,True
e12aab98e6,True
eec5e72dad,True
8620f40403,True
59944f0f92,True
9a3abd0ba6,True
b10fa280bf,True
f62410bce9,True
d175b3b3cc,True
5bffe3b52f,True
65a55b69b7,True
e11123ab8b,True
566ac48e00,True
3ec30a713c,True
c092a99d23,True
d7f48d294e,True
0304e9ac37,True
36a6901cae,True
b33d57c4be,True
10f24c23af,True
62d30854d7,True
e1323691be,True
b012e9ebb0,True
18b26e968c,True
be1c8cbf1f,True
343b0359b5,True
8693030eb3,True
cadb46b378,True
c202c25557,True
6d9b6a2c4b,True
3ee1cfb6a6,True
9358b1fa7a,True
a7f4b8d36e,True
3c30b8e27b,True
4edadcf4c4,True
77acb619e7,True
217a70a0cb,True
a970e82aac,True
4c7f2b2c18,True
128f3b0e36,True
abfed46705,True
e45c509f80,True
87725b728a,True
6e1444d88d,True
1d4e60eafa,True
ec817961a2,True
6f78817a2d,True
33887a0ae7,True
1b61e02423,True
1a2918c9b4,True
aa1c0ba47b,True
70ca8ebf7b,True
0a19821a16,True
0f6e788cdd,True
cbeab7807d,True
0cc5805a92,True
3406ef6042,True
5a6f57c150,True
4161f35a4f,True
290e9d9748,True
41cfd4b320,True
6fe4017680,True
c27409a765,True
8b11113861,True
0f5ada4dc3,True
130229ec15,True
e7f63a219f,True
25e519b494,True
7633c6bb70,True
15d079a8e8,True
7f0825a2f0,True
1eaf42beee,True
6d17d3be2d,True
f34ae8f3d4,True
a962f4c9b6,True
5b7c160d0d,True
9a4db0d7aa,True
0cc3c31d1a,True
e73ed6e7f2,True
db0bc63d60,True
ac03463615,True
b9ebcbc115,True
59092e355d,True
699608ddb7,True
876e6423e6,True
40e8e14e60,True
babbac4cf9,True
0ce8a6ae62,True
f807851f5a,True
254efd9043,True
0532916483,True
bcd1e64c58,True
ea6f13458b,True
8daf098aa9,True
ab6dfe07be,True
d19827b32b,True
a633b127fc,True
2e035505d6,True
697fee88c5,True
fb3392fee0,True
04c48c9743,True
0c19639aeb,True
ea5dd02892,True
f0efea3879,True
2903f6a1db,True
60584b31d8,True
f11f8eab00,True
89562d9f7d,True
39f101a807,True
ba836c5ae1,True
b2f87059da,True
fbf5c91d9e,True
fc6e9d0385,True
e0f030eb66,True
a854446118,True
31b7874f49,True
a3605816c1,True
2424f4afc7,True
776bdf9043,True
c37e74bffc,True
b35b1b412b,True
bc7e49ee18,True
fff987cdb3,True
a05da102a2,True
4bc87727b5,True
5b28c5ba50,True
f839d20b06,True
05f09b380c,True
3c7e2d60a7,True
f5c2e66754,True
a0c156a4c9,True
ebe64e1d15,True
91ea3f1227,True
ae61c09508,True
9267f6cf9c,True
6698a570b8,True
d433300064,True
734df57cdf,True
4c8132dc73,True
884cd7af00,True
7f99abfc11,True
628f1de539,True
56ac0f17be,True
4f5df40ab2,True
ee3b4b8c91,True
a07c1fd090,True
bfbea83faa,True
29b5ee6cf5,True
e927f91b12,True
961b1310e9,True
38a15dee44,True
ffce5bbb9a,True
563191e71a,True
a849a4e373,True
0ebe3ee1ad,True
0951f85203,True
cab2f6614c,True
abd1e3e008,True
af7e9d7648,True
b3f6affa39,True
f7380099f6,True
be6cf5cf86,True
d25a2d736a,True
2226df3ca1,True
1790f3520c,True
2ebe2eba03,True
b014624db2,True
94b3a9ed9c,True
f64190c47e,True
a70b2204f0,True
e2a70ffdf6,True
c256f6e713,True
90704ffe69,True
3f2865df45,True
fa9b3f2aa9,True
3687839ecc,True
66cfa202e5,True
9e426ec524,True
fc4c223773,True
20a4dad0c1,True
9db11d4414,True
2787bfe603,True
6f5c2712b1,True
668b41c03e,True
ea1a6e1b33,True
13adf02399,True
444dcc147b,True
ee7ff3b2fe,True
df47f2e681,True
e639615636,True
38ed2aa7cb,True
2a49169951,True
9678fb935e,True
84e540208f,True
7ba58ee1be,True
83558aa4b8,True
9a4b15919d,True
ceca04aa2a,True
6a1fe1a81e,True
bc79fe1a3a,True
e9d39cddd7,True
02d40993ab,True
114397189f,True
19902af6bd,True
6cf284fb9e,True
7972b70832,True
4d7b42314d,True
ea54256d21,True
95af8ca744,True
6252a820da,True
dc4a1c9a30,True
ba2a5fbf4c,True
b6bbd06618,True
fc13dabcbb,True
ec10996820,True
ddcb457a07,True
340c808130,True
63bed65d65,True
e39ded223d,True
0faaf196b4,True
486ae46ba0,True
3a3e1e824d,True
c82dabf9b1,True
17113fd0bd,True
5e58ed4adb,True
8457263314,True
b8a9602e21,True
57293a65d5,True
97a10a3ba0,True
67dfa4bcf5,True
2da763222e,True
8ae916bb5c,True
08f3346b8a,True
ed7251fc01,True
1ac4fd8022,True
8e280f2c87,True
87afd4b1ca,True
90990cd2ba,True
d80ead8703,True
4b15912a41,True
8555cb627a,True
1f33387a8e,True
7f9f13c0d0,True
05d9351a35,True
7576a8a091,True
befdfcbe5b,True
a6a3383416,True
211dca3b80,True
5fabfdc0b6,True
09541ce79b,True
25f532d7cc,True
c313a1ad7d,True
93a8901635,True
f19b7d20bb,True
d916ac7864,True
97e78a5448,True
c6612326fa,True
2775c5f447,True
6a6ebb2255,True
b4e23ae450,True
56a4e5c1e5,True
869f99406d,True
084d3ed9c8,True
387b6956c4,True
6c8ad32f36,True
51acfd1399,True
26281da345,True
9895f188e8,True
9f459445b6,True
0b73b427d1,True
bd4f797d33,True
bfcd0fb5ac,True
f6576d4cbe,True
af6fe9a9c8,True
b70f0ab0c2,True
9347c39706,True
a163126d96,True
9ba564058f,True
c59e5f46c0,True
fdd73141d6,True
99d7f0c538,True
1ca865b041,True
30cb1002fb,True
27f923aac9,True
e6e3e58c43,True
5d7424eab2,True
bcbe3c0ee2,True
7140b36ff6,True
78c50b3977,True
7aa7e1b355,True
891fa63295,True
7d41b0a6e1,True
ab7d09443f,True
a3079aded1,True
3598c246d7,True
88839f49f9,True
c56524ded9,True
9718102ef6,True
b28aeb78e0,True
52e7de7430,True
e1bd09e50b,True
911efbb175,True
8686b3a5d4,True
0c376f6728,True
b07fc3b87c,True
ebcd41b5f1,True
eeecc7ab39,True
e2dd6ebd6b,True
f2e9faa785,True
5b217529e7,True
774ee8afcf,True
5a6fa22207,True
c8adc706f5,True
740d34befe,True
24bf79cd1e,True
dd580d1681,True
500d909b87,True
feadf0e85d,True
8dc946b34d,True
060f14fcee,True
9382a047a8,True
8c38199b15,True
48d34846d7,True
66c603a013,True
6ecba60505,True
f7ff576dc4,True
a701844e9a,True
5378360450,True
65e01bd65f,True
aa1cd9fb71,True
70a32506ab,True
6ef46555e2,True
fad11bf2fa,True
69098163e1,True
c4ee594685,True
7a095f0b21,True
ff238df1c4,True
d2b40a2781,True
71f724c7ef,True
3862950849,True
c1431cfade,True
a0729c7a02,True
e358121d19,True
30307d5103,True
82a285227e,True
af296d1c0a,True
bf76c8aff3,True
20349d0a12,True
c80f09bee6,True
baac3469ae,True
7b815ae7fb,True
9090f8f97b,True
fbfa863bd4,True
7f0e67d5ec,True
ebe8198105,True
4fdc882e4b,True
857e511397,True
d3c9529867,True
e366f9d62b,True
eb91416afe,True
0061281eea,True
f409d55fee,True
8a55cca47a,True
b15313d4e8,True
31b003483c,True
40a7f422e2,True
90b1a59d1b,True
5f8370ed60,True
c33e3a20a4,True
919157e393,True
c8bd99cbb0,True
33dfce3a76,True
7e5cdca0b7,True
4630209118,True
a5005ea567,True
9ca520f895,True
2f4fb95bb7,True
f454efbd20,True
7e68df3981,True
9f0c9f3b90,True
23c72b10cb,True
8824cdcbf0,True
b7c462dd1c,True
a6625b8937,True
f463f6b15b,True
c5493cc7b0,True
f8ca1f5c5a,True
631dacfc0f,True
20b11dcfb8,True
03c9b5ffe8,True
1a0996a817,True
bf294b9661,True
24cb80b5da,True
6a1fd3c67e,True
ed761ad8ef,True
2a26fb616b,True
8978bc57b7,True
0e53e6294a,True
2eca5f70b1,True
8fd4178b11,True
38438eab6c,True
dc7c506beb,True
93b51f6335,True
86365721e2,True
27c4850501,True
66cd32da94,True
3c10a71f62,True
54a3636ba6,True
4ed2467e7c,True
10a1a5b78f,True
edd5fc6648,True
263bd9dfd6,True
b6520147bb,True
834861f1b6,True
ef060b82b1,True
70d9a282d1,True
78be8270bb,True
3358462c1b,True
1435d5602c,True
e843caea8f,True
5dfa4cfa2d,True
020678ec1b,True
7f2694ca3f,True
2f746f8726,True
8e93b66386,True
10aa115164,True
04cd9599a3,True
3734601c15,True
c29c36a1e8,True
40bb5a9cbe,True
19cc342b91,True
565d2342f2,True
7b5d5d40fe,True
b4b225aaa8,True
1b6919f87c,True
766784f810,True
1c41821d13,True
dfa4d727b8,True
4d341171a4,True
3975043a11,True
ba705c8398,True
aa21ba676c,True
bdb9ba462f,True
5ffd928d1e,True
b9fd9429e3,True
182ea1798b,True
7e138bf911,True
9f96821d81,True
9daa6c133f,True
10e835f9ab,True
8e3228d793,True
53c79255ba,True
bc3156b1e4,True
c9f7f4020f,True
1037da2ff7,True
38c0d9ca8e,True
6c793e5879,True
91bfe61493,True
a33ef5ed68,True
90b14e3f04,True
6dfaae4996,True
c576ef893a,True
176ad39bc7,True
8b0478ed02,True
380ff30e30,True
d9457c3b1c,True
46b424e067,True
fb9b58527c,True
8d9314a9f4,True
6e86fed535,True
a5eedd418a,True
a15eff2958,True
7de09d894b,True
a54d582262,True
06d3201dd0,True
df3a1c2d7b,True
2fa889172a,True
4a39459597,True
d2b77b255b,True
67bc6ac1f4,True
aff87f7ba7,True
528cb6678c,True
b33b1f9db6,True
66b4280f4e,True
7074e402ca,True
1a8c4fd6ea,True
7beceb5850,True
7738fbabca,True
5ecf1f5cb4,True
fd5c3c20d6,True
e69330b40a,True
e37b8208fa,True
f57e741b5b,True
94c94ee7b6,True
d7215eb198,True
885c2a90f5,True
64baad8029,True
180f0a1854,True
bfbb9b9149,True
1821c518da,True
8c4ac14f53,True
be1f425eac,True
7e78a47cee,True
b5448cb40a,True
1c3397d0ef,True
d61250af0c,True
12c92c9f70,True
190ea39ec4,True
ed2b73840d,True
f0e7e06354,True
0389fc6012,True
4079c73376,True
136af05158,True
f6a89b6f89,True
d12d5894b8,True
27e12cbcea,True
c45c9617bf,True
02adf272e9,True
407bd44d31,True
17a8b7e7f3,True
bf00a0ab71,True
8b4189c2a4,True
809cb34e8d,True
65ef110246,True
548887f17d,True
2a9190ed84,True
28df927e87,True
28f6f52c8f,True
571e63d0bc,True
5aee63c515,True
981f73e811,True
418a13df5c,True
9704b1ba61,True
84eb2c400b,True
6460ce2df7,True
66891ec970,True
7cbfebdf9d,True
b6c52b4a53,True
fee35c9fa9,True
51ede1c702,True
4fbda008c7,True
3d781526c2,True
3d4bc58424,True
be9ce6a9d7,True
c023a62b96,True
4a8d55bdf5,True
61321814ce,True
d17eee846e,True
85e6b4cb1c,True
81fa3d59b8,True
08993551ae,True
69cddf572c,True
bb2160921c,True
ddd3099877,True
45f292bb41,True
285f4b2e82,True
d606f4a578,True
f4638e7428,True
1ebc029ba0,True
ebf89446f2,True
ff9b7d0d2e,True
f7dc2b2c9a,True
1c20fc4477,True
a3bea8f266,True
6a105e7555,True
3dae882971,True
d468d401ab,True
ef03d3e2fa,True
efc705478f,True
a291ef5d83,True
bf71bff284,True
a141ed0c99,True
fb1e8578cf,True
7361f4e5bc,True
df8d9625c0,True
7a0f1e9b45,True
d369e6b550,True
6397715bb4,True
a038a2d781,True
8bf499cb0c,True
761eaf3fa4,True
f3fd020f27,True
1befe1ba44,True
84b5568c2a,True
f9629f4e29,True
e89272a29b,True
01c033e116,True
f1e4acdd7b,True
3794cd4d73,True
d8b1bbbfdf,True
a35792b156,True
eac3fb300e,True
cb2acfd639,True
74d53a0d53,True
16cebad726,True
e3e1afe993,True
5f43816c42,True
cfdc385955,True
32f1039c61,True
14da113475,True
14c16f99d5,True
b8236d92ff,True
43ec939286,True
1268fbf8c2,True
ec649a86b2,True
c89eda8701,True
9067effd34,True
6a7506aa1e,True
1bd1c8c771,True
a245c6d001,True
4ebed82264,True
96216dae3b,True
77c071c12d,True
14a89a1840,True
4d4adc5623,True
942d3bfbf3,True
ff89e5e3cd,True
7f2642a14a,True
01323211a0,True
c137712b61,True
5c51c23a7b,True
91bb8b5dbb,True
3662fffe30,True
b5893fc541,True
5e09ef27a6,True
67a8e23baa,True
3685aa0e78,True
a2bce9d94a,True
a9ab1afe01,True
55a49950a0,True
d21e3d7843,True
1fec8e839a,True
01b5362cce,True
ea1270a8b2,True
276807c93b,True
2388b3eb40,True
bbb762835a,True
93b8ec180f,True
9cb42834b3,True
cc70a60681,True
b1be1fa682,True
6138f82415,True
b890b261a0,True
1a67b08604,True
b202b6b3d4,True
08c2070b20,True
174b478747,True
253eb71c3d,True
a98ab1c549,True
57904adf94,True
cced2adf43,True
b7ec14f5e4,True
30badffdd5,True
6ed0ef14db,True
88a5c49514,True
05a61e5799,True
2e7921981a,True
5e350fa662,True
9126bbe228,True
ec61b48efb,True
325cde4fa9,True
4bb8260218,True
444c32935c,True
6010b9b84d,True
31a4341eb6,True
6576184a08,True
ec9ba7900d,True
36f332bd11,True
a4fb7072d6,True
c32752c00f,True
bbb5279a06,True
25db231ea0,True
b28690f7ad,True
3bf70b71cd,True
690281a93d,True
99ee31b5bc,True
9b585a2ea0,True
54cb8bdbe2,True
3df62de11d,True
db819c45e5,True
f2fcceee25,True
4d2ede6b7a,True
853e89d0d3,True
54e2419450,True
5423d6049c,True
33159fbb9b,True
cbad345488,True
c74ef130f0,True
9befc65890,True
cfb8e5c36e,True
8f16b2685d,True
d90473fc86,True
23cdfc53fe,True
82c316179b,True
f6009f764c,True
e51e614146,True
2bc179b78c,True
fd423b9cbf,True
66ced55b7d,True
53485dc0d9,True
17c5d2464c,True
937ea43a65,True
916aff36ae,True
e799fcac15,True
c1190c9c37,True
46bec86213,True
e2d3957c95,True
3ce657b8f7,True
d62ad254c6,True
89165071a4,True
f20521b7f5,True
c8ce151a18,True
fc8f0668fb,True
0fc5ad7e3b,True
f5b2861c9b,True
00950d1627,True
a042e73fee,True
a3de137406,True
c00c4b8814,True
2886e27fb6,True
76d080ed6f,True
6d8a8e2e6d,True
f1b1f57aee,True
5bf5d82829,True
cabe5c94b2,True
d7f7a9f48a,True
362cec7849,True
106e4043ba,True
3004f41177,True
43001d32e7,True
a5299290bb,True
923473085f,True
a21ae8cb6b,True
a10b932fb3,True
67db09fda5,True
5081bad441,True
3d99801810,True
febd1d2a67,True
a659530342,True
b6604d4bd6,True
63d3cf63be,True
0fb7b2772a,True
403cb8f4b3,True
790f497dc8,True
4b72e35b8b,True
58d177c0d0,True
a50ac7d1e2,True
963189b39c,True
1cb4733828,True
b964244dfd,True
d7e6e1323a,True
4ef0559016,True
fbf64b5ea0,True
3531c9193f,True
939c88a964,True
abe74273c8,True
7b4ccb8113,True
d7506a6a38,True
114daa1bed,True
029c321179,True
581e7f38d7,True
8343ad9ed8,True
cc97e87765,True
9874f75819,True
a32b0d0cd7,True
9b9c107a62,True
9eb4a10b98,True
4ed12ec89a,True
5c28eec331,True
28ca5ff16f,True
b393a57640,True
c33df3d7ad,True
edea91429d,True
93a1541218,True
a12cbb17e5,True
89dba191b1,True
dd87f1a21f,True
0df53ae04c,True
1075fa3200,True
42b9ff31aa,True
ac7df612ff,True
d97f94a2dd,True
5fe333fd26,True
640ceb328a,True
df344e0599,True
3cd4d01b7d,True
8c232a1cf8,True
ad5454050e,True
71f6fcb48a,True
29ea4f92c3,True
f8921580bb,True
f288e998f5,True
707f14c59a,True
0ece337a15,True
92c91d1494,True
537f18bd97,True
c026a17632,True
c5327d784b,True
041925f04c,True
b6aa5c7ab4,True
168f625d62,True
dcbb6474ee,True
40fbc03558,True
1d9bc2591e,True
c5745e04ff,True
a2da67afff,True
b6bca345bb,True
ac1ea6faa4,True
1a72cc3d3e,True
4ee5d2c629,True
553733b17b,True
fbf380831b,True
d6e2bb1586,True
da0f021c5b,True
f59821d067,True
2bd913a165,True
8201005b79,True
0829b44678,True
a4e5b9902b,True
870be46a42,True
f4feed1635,True
730eee262c,True
d6cba9f9de,True
4e3ccf37ee,True
ce06c157c1,True
923249032c,True
ae2ef70d51,True
6edba13f1b,True
d9e45a7fab,True
7a2eebff84,True
8f39d964c3,True
1739b1634d,True
fb81781b44,True
18d013fced,True
e099e54eee,True
a4c734f1a8,True
174ebb49df,True
a94450f57e,True
c98dfd50ba,True
d21012f5c1,True
d47c78058a,True
a72f220de9,True
748f8f4106,True
de7202d286,True
5448c46aac,True
c9a1fd48f6,True
df8caa8bdf,True
527c3abd5f,True
bb63bcb48a,True
c4ed7cdb1c,True
be90ab3e56,True
f2598805e6,True
7b596fc561,True
800daf6ac1,True
74f00bb214,True
f3ee165cd0,True
c2485cb6c3,True
0c600207b1,True
2bfa664017,True
c4b4099179,True
d0e8c9833f,True
7af5b00299,True
9ea0525027,True
e6caf5eb81,True
94e7558e32,True
fd63516ff4,True
15d76f1672,True
96aeb8d018,True
66cd349922,True
f9d03271d6,True
3cd0ce6e18,True
9146f2afd1,True
7bfd026d91,True
e27400528c,True
05c33e6854,True
6dba47cc58,True
9b80cf8992,True
a7b1f4bae1,True
ce16b0d0bc,True
b9a7c521ac,True
84e305da04,True
4ac19fb269,True
ec5db065d9,True
c42d63b0e6,True
9fe707f837,True
d4acb30303,True
3e87545802,True
ab82b9e44e,True
dae1555fbf,True
2f493f72ff,True
66cf41c563,True
1dbc694c5d,True
db9bb00470,True
5108785aaf,True
dcca0c8297,True
146ec37657,True
423800be38,True
0f19680b4d,True
abbfb56731,True
b2958f2747,True
963210b127,True
aeb36c1964,True
d30ad7d936,True
b6ebc3831e,True
7134e4acac,True
53e17edd83,True
dd11ae96e3,True
3072ae3119,True
2b1e71c2a3,True
a4932322ce,True
0deadce8f1,True
9539d280a6,True
0f02cec809,True
a2a012f128,True
5d07e84138,True
de261976e6,True
4f02bab289,True
b240582de8,True
eb23ddad08,True
2101c21f75,True
7ec803b58a,True
22fdf96a54,True
c0cbdabcc3,True
e2810cc777,True
e12cd094a6,True
49336bb17b,True
ba045610d1,True
97adf32d4d,True
a5d188bbd7,True
289af097b0,True
67d3486ac8,True
32887c2719,True
c09f4e95e8,True
97a653e83c,True
a3e89a273d,True
843f9892ef,True
accb644c9e,True
0eb52aa52a,True
4776354474,True
08640ede7a,True
4f105993c5,True
9dde6475f9,True
e185ab5dc1,True
429b289e07,True
5a02df7676,True
ad2fa649f7,True
e9ce8188b9,True
8c916f9cb5,True
81c77c1b6c,True
83967f4314,True
03a9a9f615,True
1751290ca2,True
af171a3570,True
a562619124,True
9511856b03,True
0108518d1e,True
c78996aa02,True
f7e8060b57,True
fb47e8e74e,True
16207869ba,True
44d745a704,True
84e23dba29,True
8329ec9395,True
7e7276d088,True
919bc0e2ba,True
0530b67189,True
e8d8b35601,True
a7cfa30d35,True
caa039b231,True
48d81e93d9,True
